{
  "name": {
    "precision": 0.88,
    "recall": 0.6875,
    "f1-score": 0.7719298245614036,
    "support": 32,
    "confused_with": {
      "category": 6
    }
  },
  "activity.new": {
    "precision": 0.9722222222222222,
    "recall": 0.9722222222222222,
    "f1-score": 0.9722222222222222,
    "support": 36,
    "confused_with": {
      "activity": 1
    }
  },
  "category": {
    "precision": 0.8986486486486487,
    "recall": 0.9432624113475178,
    "f1-score": 0.9204152249134949,
    "support": 141,
    "confused_with": {
      "activity": 5,
      "name": 2
    }
  },
  "category.old": {
    "precision": 1.0,
    "recall": 1.0,
    "f1-score": 1.0,
    "support": 33,
    "confused_with": {}
  },
  "activity_status": {
    "precision": 0.8846153846153846,
    "recall": 1.0,
    "f1-score": 0.9387755102040816,
    "support": 23,
    "confused_with": {}
  },
  "category.new": {
    "precision": 1.0,
    "recall": 1.0,
    "f1-score": 1.0,
    "support": 26,
    "confused_with": {}
  },
  "activity.old": {
    "precision": 0.9230769230769231,
    "recall": 0.9795918367346939,
    "f1-score": 0.9504950495049506,
    "support": 49,
    "confused_with": {}
  },
  "activity": {
    "precision": 0.9628378378378378,
    "recall": 0.9375,
    "f1-score": 0.95,
    "support": 304,
    "confused_with": {
      "category": 4
    }
  },
  "micro avg": {
    "precision": 0.942367601246106,
    "recall": 0.9394409937888198,
    "f1-score": 0.9409020217729394,
    "support": 644
  },
  "macro avg": {
    "precision": 0.9401751270501271,
    "recall": 0.9400095587880543,
    "f1-score": 0.9379797289257691,
    "support": 644
  },
  "weighted avg": {
    "precision": 0.942778082669387,
    "recall": 0.9394409937888198,
    "f1-score": 0.9401341541291989,
    "support": 644
  }
}