{
  "name": {
    "precision": 0.8823529411764706,
    "recall": 0.46875,
    "f1-score": 0.6122448979591837,
    "support": 32,
    "confused_with": {
      "category": 8
    }
  },
  "activity.new": {
    "precision": 0.7222222222222222,
    "recall": 0.7222222222222222,
    "f1-score": 0.7222222222222222,
    "support": 36,
    "confused_with": {
      "activity.old": 3
    }
  },
  "category": {
    "precision": 0.8014184397163121,
    "recall": 0.8014184397163121,
    "f1-score": 0.8014184397163121,
    "support": 141,
    "confused_with": {
      "activity": 18
    }
  },
  "category.old": {
    "precision": 0.8275862068965517,
    "recall": 0.7272727272727273,
    "f1-score": 0.7741935483870968,
    "support": 33,
    "confused_with": {
      "category.new": 6
    }
  },
  "activity_status": {
    "precision": 0.8148148148148148,
    "recall": 0.9565217391304348,
    "f1-score": 0.8800000000000001,
    "support": 23,
    "confused_with": {}
  },
  "category.new": {
    "precision": 0.6206896551724138,
    "recall": 0.6923076923076923,
    "f1-score": 0.6545454545454545,
    "support": 26,
    "confused_with": {
      "category.old": 4,
      "activity.new": 3
    }
  },
  "activity.old": {
    "precision": 0.6590909090909091,
    "recall": 0.5918367346938775,
    "f1-score": 0.6236559139784946,
    "support": 49,
    "confused_with": {
      "activity": 11,
      "activity.new": 5
    }
  },
  "activity": {
    "precision": 0.8433333333333334,
    "recall": 0.8322368421052632,
    "f1-score": 0.837748344370861,
    "support": 304,
    "confused_with": {
      "category": 12
    }
  },
  "micro avg": {
    "precision": 0.8025682182985554,
    "recall": 0.7763975155279503,
    "f1-score": 0.7892659826361483,
    "support": 644
  },
  "macro avg": {
    "precision": 0.7714385653028785,
    "recall": 0.7240707996810662,
    "f1-score": 0.7382536026474531,
    "support": 644
  },
  "weighted avg": {
    "precision": 0.804492389129262,
    "recall": 0.7763975155279503,
    "f1-score": 0.7866972703778539,
    "support": 644
  }
}