{
  "name": {
    "precision": 1.0,
    "recall": 0.84375,
    "f1-score": 0.9152542372881356,
    "support": 32,
    "confused_with": {
      "activity": 1
    }
  },
  "activity.new": {
    "precision": 0.3076923076923077,
    "recall": 0.1111111111111111,
    "f1-score": 0.163265306122449,
    "support": 36,
    "confused_with": {
      "activity": 11
    }
  },
  "category": {
    "precision": 0.5714285714285714,
    "recall": 0.5957446808510638,
    "f1-score": 0.5833333333333334,
    "support": 141,
    "confused_with": {
      "activity": 19
    }
  },
  "category.old": {
    "precision": 0.23076923076923078,
    "recall": 0.09090909090909091,
    "f1-score": 0.13043478260869568,
    "support": 33,
    "confused_with": {
      "category": 14
    }
  },
  "activity_status": {
    "precision": 0.75,
    "recall": 0.6521739130434783,
    "f1-score": 0.6976744186046512,
    "support": 23,
    "confused_with": {}
  },
  "category.new": {
    "precision": 0.14285714285714285,
    "recall": 0.038461538461538464,
    "f1-score": 0.060606060606060615,
    "support": 26,
    "confused_with": {
      "category": 17,
      "activity": 3
    }
  },
  "activity.old": {
    "precision": 0.5714285714285714,
    "recall": 0.08163265306122448,
    "f1-score": 0.14285714285714285,
    "support": 49,
    "confused_with": {
      "activity": 26
    }
  },
  "activity": {
    "precision": 0.6639676113360324,
    "recall": 0.5359477124183006,
    "f1-score": 0.5931283905967452,
    "support": 306,
    "confused_with": {
      "category": 27
    }
  },
  "micro avg": {
    "precision": 0.6278586278586279,
    "recall": 0.4674922600619195,
    "f1-score": 0.5359361135758652,
    "support": 646
  },
  "macro avg": {
    "precision": 0.5297679294389821,
    "recall": 0.36871633748197596,
    "f1-score": 0.4108192090021517,
    "support": 646
  },
  "weighted avg": {
    "precision": 0.5935017198867615,
    "recall": 0.4674922600619195,
    "f1-score": 0.5074916271919258,
    "support": 646
  }
}