{
  "name": {
    "precision": 0.9565217391304348,
    "recall": 0.6666666666666666,
    "f1-score": 0.7857142857142856,
    "support": 33,
    "confused_with": {
      "category": 4
    }
  },
  "activity.new": {
    "precision": 0.975,
    "recall": 1.0,
    "f1-score": 0.9873417721518987,
    "support": 39,
    "confused_with": {}
  },
  "category": {
    "precision": 0.8838709677419355,
    "recall": 0.9194630872483222,
    "f1-score": 0.9013157894736842,
    "support": 149,
    "confused_with": {
      "activity": 6
    }
  },
  "category.old": {
    "precision": 0.9615384615384616,
    "recall": 0.9259259259259259,
    "f1-score": 0.9433962264150944,
    "support": 27,
    "confused_with": {
      "category.new": 2
    }
  },
  "activity_status": {
    "precision": 0.8275862068965517,
    "recall": 0.96,
    "f1-score": 0.888888888888889,
    "support": 25,
    "confused_with": {}
  },
  "category.new": {
    "precision": 0.9117647058823529,
    "recall": 1.0,
    "f1-score": 0.9538461538461539,
    "support": 31,
    "confused_with": {}
  },
  "activity.old": {
    "precision": 0.9791666666666666,
    "recall": 0.9791666666666666,
    "f1-score": 0.9791666666666666,
    "support": 48,
    "confused_with": {
      "activity.new": 1
    }
  },
  "activity": {
    "precision": 0.9506578947368421,
    "recall": 0.9383116883116883,
    "f1-score": 0.9444444444444444,
    "support": 308,
    "confused_with": {
      "category": 10
    }
  },
  "micro avg": {
    "precision": 0.9317147192716236,
    "recall": 0.9303030303030303,
    "f1-score": 0.9310083396512508,
    "support": 660
  },
  "macro avg": {
    "precision": 0.9307633303241556,
    "recall": 0.9236917543524087,
    "f1-score": 0.9230142784501396,
    "support": 660
  },
  "weighted avg": {
    "precision": 0.9333417010304625,
    "recall": 0.9303030303030303,
    "f1-score": 0.9301257472236724,
    "support": 660
  }
}