{
  "name": {
    "precision": 0.9666666666666667,
    "recall": 0.90625,
    "f1-score": 0.9354838709677419,
    "support": 32,
    "confused_with": {}
  },
  "activity.new": {
    "precision": 0.875,
    "recall": 0.7777777777777778,
    "f1-score": 0.823529411764706,
    "support": 36,
    "confused_with": {
      "activity.old": 7,
      "activity": 1
    }
  },
  "category": {
    "precision": 0.9338235294117647,
    "recall": 0.900709219858156,
    "f1-score": 0.9169675090252708,
    "support": 141,
    "confused_with": {
      "activity": 8
    }
  },
  "category.old": {
    "precision": 0.8378378378378378,
    "recall": 0.9393939393939394,
    "f1-score": 0.8857142857142858,
    "support": 33,
    "confused_with": {
      "activity.old": 1
    }
  },
  "activity_status": {
    "precision": 1.0,
    "recall": 1.0,
    "f1-score": 1.0,
    "support": 23,
    "confused_with": {}
  },
  "category.new": {
    "precision": 0.9130434782608695,
    "recall": 0.8076923076923077,
    "f1-score": 0.8571428571428572,
    "support": 26,
    "confused_with": {
      "category.old": 3
    }
  },
  "activity.old": {
    "precision": 0.8301886792452831,
    "recall": 0.8979591836734694,
    "f1-score": 0.8627450980392157,
    "support": 49,
    "confused_with": {
      "activity.new": 4
    }
  },
  "activity": {
    "precision": 0.9629629629629629,
    "recall": 0.934640522875817,
    "f1-score": 0.9485903814262022,
    "support": 306,
    "confused_with": {
      "category": 7
    }
  },
  "micro avg": {
    "precision": 0.9334389857369255,
    "recall": 0.9117647058823529,
    "f1-score": 0.92247454972592,
    "support": 646
  },
  "macro avg": {
    "precision": 0.9149403942981731,
    "recall": 0.8955528689089334,
    "f1-score": 0.9037716767600349,
    "support": 646
  },
  "weighted avg": {
    "precision": 0.9347308699899519,
    "recall": 0.9117647058823529,
    "f1-score": 0.9224959964422375,
    "support": 646
  }
}