{
  "name": {
    "precision": 0.7692307692307693,
    "recall": 0.625,
    "f1-score": 0.6896551724137931,
    "support": 32,
    "confused_with": {
      "category": 5
    }
  },
  "activity.new": {
    "precision": 0.8974358974358975,
    "recall": 0.875,
    "f1-score": 0.8860759493670887,
    "support": 40,
    "confused_with": {
      "activity.old": 3
    }
  },
  "category": {
    "precision": 0.8707482993197279,
    "recall": 0.8827586206896552,
    "f1-score": 0.8767123287671232,
    "support": 145,
    "confused_with": {
      "activity": 6,
      "name": 4
    }
  },
  "category.old": {
    "precision": 0.7435897435897436,
    "recall": 0.8055555555555556,
    "f1-score": 0.7733333333333334,
    "support": 36,
    "confused_with": {
      "category.new": 2
    }
  },
  "activity_status": {
    "precision": 1.0,
    "recall": 0.8518518518518519,
    "f1-score": 0.92,
    "support": 27,
    "confused_with": {
      "activity": 2
    }
  },
  "category.new": {
    "precision": 0.8620689655172413,
    "recall": 0.8064516129032258,
    "f1-score": 0.8333333333333334,
    "support": 31,
    "confused_with": {
      "category.old": 5
    }
  },
  "activity.old": {
    "precision": 0.7384615384615385,
    "recall": 0.9230769230769231,
    "f1-score": 0.8205128205128206,
    "support": 52,
    "confused_with": {
      "activity": 2
    }
  },
  "activity": {
    "precision": 0.926056338028169,
    "recall": 0.8594771241830066,
    "f1-score": 0.8915254237288135,
    "support": 306,
    "confused_with": {
      "activity.old": 12
    }
  },
  "micro avg": {
    "precision": 0.8757668711656442,
    "recall": 0.8535127055306427,
    "f1-score": 0.8644965934897805,
    "support": 669
  },
  "macro avg": {
    "precision": 0.8509489439478859,
    "recall": 0.8286464610325273,
    "f1-score": 0.8363935451820382,
    "support": 669
  },
  "weighted avg": {
    "precision": 0.8804752347549567,
    "recall": 0.8535127055306427,
    "f1-score": 0.8649059354621447,
    "support": 669
  }
}