{
  "name": {
    "precision": 0.90625,
    "recall": 0.90625,
    "f1-score": 0.90625,
    "support": 32,
    "confused_with": {}
  },
  "activity.new": {
    "precision": 0.5428571428571428,
    "recall": 0.5277777777777778,
    "f1-score": 0.5352112676056338,
    "support": 36,
    "confused_with": {
      "activity.old": 14
    }
  },
  "category": {
    "precision": 0.8648648648648649,
    "recall": 0.9078014184397163,
    "f1-score": 0.8858131487889273,
    "support": 141,
    "confused_with": {
      "activity": 4
    }
  },
  "category.old": {
    "precision": 0.9166666666666666,
    "recall": 0.6666666666666666,
    "f1-score": 0.7719298245614035,
    "support": 33,
    "confused_with": {
      "category.new": 8,
      "category": 2
    }
  },
  "activity_status": {
    "precision": 1.0,
    "recall": 0.9130434782608695,
    "f1-score": 0.9545454545454545,
    "support": 23,
    "confused_with": {
      "activity": 1
    }
  },
  "category.new": {
    "precision": 0.7352941176470589,
    "recall": 0.9615384615384616,
    "f1-score": 0.8333333333333333,
    "support": 26,
    "confused_with": {
      "category": 1
    }
  },
  "activity.old": {
    "precision": 0.5813953488372093,
    "recall": 0.5102040816326531,
    "f1-score": 0.5434782608695652,
    "support": 49,
    "confused_with": {
      "activity.new": 15
    }
  },
  "activity": {
    "precision": 0.935251798561151,
    "recall": 0.8496732026143791,
    "f1-score": 0.8904109589041095,
    "support": 306,
    "confused_with": {
      "category": 13
    }
  },
  "micro avg": {
    "precision": 0.8601626016260162,
    "recall": 0.8188854489164087,
    "f1-score": 0.8390166534496433,
    "support": 646
  },
  "macro avg": {
    "precision": 0.8103224924292617,
    "recall": 0.7803693858663154,
    "f1-score": 0.7901215310760534,
    "support": 646
  },
  "weighted avg": {
    "precision": 0.8630524343658855,
    "recall": 0.8188854489164087,
    "f1-score": 0.8380160126192666,
    "support": 646
  }
}