{
  "name": {
    "precision": 0.75,
    "recall": 0.5294117647058824,
    "f1-score": 0.6206896551724139,
    "support": 34,
    "confused_with": {
      "category": 6
    }
  },
  "activity.new": {
    "precision": 1.0,
    "recall": 0.8809523809523809,
    "f1-score": 0.9367088607594937,
    "support": 42,
    "confused_with": {
      "activity.old": 3
    }
  },
  "category": {
    "precision": 0.8561151079136691,
    "recall": 0.937007874015748,
    "f1-score": 0.8947368421052632,
    "support": 127,
    "confused_with": {
      "activity": 4,
      "name": 2
    }
  },
  "category.old": {
    "precision": 0.875,
    "recall": 1.0,
    "f1-score": 0.9333333333333333,
    "support": 28,
    "confused_with": {}
  },
  "activity_status": {
    "precision": 0.9565217391304348,
    "recall": 1.0,
    "f1-score": 0.9777777777777777,
    "support": 22,
    "confused_with": {}
  },
  "category.new": {
    "precision": 0.9565217391304348,
    "recall": 0.88,
    "f1-score": 0.9166666666666666,
    "support": 25,
    "confused_with": {
      "category.old": 3
    }
  },
  "activity.old": {
    "precision": 0.8823529411764706,
    "recall": 0.9,
    "f1-score": 0.8910891089108911,
    "support": 50,
    "confused_with": {
      "activity": 2
    }
  },
  "activity": {
    "precision": 0.9546925566343042,
    "recall": 0.9247648902821317,
    "f1-score": 0.9394904458598727,
    "support": 319,
    "confused_with": {
      "category": 13
    }
  },
  "micro avg": {
    "precision": 0.9184952978056427,
    "recall": 0.9057187017001546,
    "f1-score": 0.9120622568093386,
    "support": 647
  },
  "macro avg": {
    "precision": 0.9039005104981641,
    "recall": 0.8815171137445179,
    "f1-score": 0.888811586323214,
    "support": 647
  },
  "weighted avg": {
    "precision": 0.9186208857331266,
    "recall": 0.9057187017001546,
    "f1-score": 0.9101851903571626,
    "support": 647
  }
}