{
  "name": {
    "precision": 0.9666666666666667,
    "recall": 0.8529411764705882,
    "f1-score": 0.90625,
    "support": 34,
    "confused_with": {}
  },
  "activity.new": {
    "precision": 0.7878787878787878,
    "recall": 0.6190476190476191,
    "f1-score": 0.6933333333333334,
    "support": 42,
    "confused_with": {
      "activity.old": 14
    }
  },
  "category": {
    "precision": 0.8549618320610687,
    "recall": 0.8818897637795275,
    "f1-score": 0.868217054263566,
    "support": 127,
    "confused_with": {
      "activity": 6
    }
  },
  "category.old": {
    "precision": 0.9032258064516129,
    "recall": 0.9333333333333333,
    "f1-score": 0.9180327868852459,
    "support": 30,
    "confused_with": {
      "category": 2
    }
  },
  "activity_status": {
    "precision": 1.0,
    "recall": 1.0,
    "f1-score": 1.0,
    "support": 22,
    "confused_with": {}
  },
  "category.new": {
    "precision": 0.88,
    "recall": 0.88,
    "f1-score": 0.88,
    "support": 25,
    "confused_with": {
      "category.old": 2,
      "category": 1
    }
  },
  "activity.old": {
    "precision": 0.7407407407407407,
    "recall": 0.8,
    "f1-score": 0.7692307692307692,
    "support": 50,
    "confused_with": {
      "activity.new": 7
    }
  },
  "activity": {
    "precision": 0.9673202614379085,
    "recall": 0.9221183800623053,
    "f1-score": 0.9441786283891547,
    "support": 321,
    "confused_with": {
      "category": 14
    }
  },
  "micro avg": {
    "precision": 0.9098101265822784,
    "recall": 0.8832565284178188,
    "f1-score": 0.8963367108339828,
    "support": 651
  },
  "macro avg": {
    "precision": 0.8875992619045981,
    "recall": 0.8611662840866716,
    "f1-score": 0.8724053215127586,
    "support": 651
  },
  "weighted avg": {
    "precision": 0.9111848595721745,
    "recall": 0.8832565284178188,
    "f1-score": 0.8959753113248654,
    "support": 651
  }
}