{
  "category.old": {
    "precision": 0.8823529411764706,
    "recall": 0.967741935483871,
    "f1-score": 0.923076923076923,
    "support": 31,
    "confused_with": {
      "category": 1
    }
  },
  "category": {
    "precision": 0.9139072847682119,
    "recall": 0.8214285714285714,
    "f1-score": 0.8652037617554859,
    "support": 168,
    "confused_with": {
      "activity": 17
    }
  },
  "activity.new": {
    "precision": 0.90625,
    "recall": 0.6744186046511628,
    "f1-score": 0.7733333333333334,
    "support": 43,
    "confused_with": {
      "activity.old": 12
    }
  },
  "activity": {
    "precision": 0.9314079422382672,
    "recall": 0.9280575539568345,
    "f1-score": 0.9297297297297298,
    "support": 278,
    "confused_with": {
      "category": 8
    }
  },
  "activity_status": {
    "precision": 1.0,
    "recall": 1.0,
    "f1-score": 1.0,
    "support": 29,
    "confused_with": {}
  },
  "name": {
    "precision": 0.9696969696969697,
    "recall": 0.9142857142857143,
    "f1-score": 0.9411764705882354,
    "support": 35,
    "confused_with": {}
  },
  "category.new": {
    "precision": 0.8695652173913043,
    "recall": 0.9523809523809523,
    "f1-score": 0.909090909090909,
    "support": 21,
    "confused_with": {
      "category": 1
    }
  },
  "activity.old": {
    "precision": 0.796875,
    "recall": 0.8947368421052632,
    "f1-score": 0.8429752066115702,
    "support": 57,
    "confused_with": {
      "activity.new": 1
    }
  },
  "micro avg": {
    "precision": 0.9129082426127527,
    "recall": 0.8867069486404834,
    "f1-score": 0.899616858237548,
    "support": 662
  },
  "macro avg": {
    "precision": 0.9087569194089029,
    "recall": 0.8941312717865462,
    "f1-score": 0.8980732917732734,
    "support": 662
  },
  "weighted avg": {
    "precision": 0.9145191260791236,
    "recall": 0.8867069486404834,
    "f1-score": 0.8984433340284913,
    "support": 662
  }
}