{
  "name": {
    "precision": 0.7222222222222222,
    "recall": 0.40625,
    "f1-score": 0.52,
    "support": 32,
    "confused_with": {
      "activity": 4
    }
  },
  "activity.new": {
    "precision": 0.8823529411764706,
    "recall": 0.75,
    "f1-score": 0.8108108108108107,
    "support": 40,
    "confused_with": {
      "activity": 5
    }
  },
  "category": {
    "precision": 0.7837837837837838,
    "recall": 0.8,
    "f1-score": 0.7918088737201365,
    "support": 145,
    "confused_with": {
      "activity": 13
    }
  },
  "category.old": {
    "precision": 0.6341463414634146,
    "recall": 0.7222222222222222,
    "f1-score": 0.6753246753246753,
    "support": 36,
    "confused_with": {
      "category": 5,
      "category.new": 2
    }
  },
  "activity_status": {
    "precision": 0.65625,
    "recall": 0.7777777777777778,
    "f1-score": 0.711864406779661,
    "support": 27,
    "confused_with": {
      "category": 2,
      "activity": 2
    }
  },
  "category.new": {
    "precision": 0.782608695652174,
    "recall": 0.5806451612903226,
    "f1-score": 0.6666666666666667,
    "support": 31,
    "confused_with": {
      "category.old": 9,
      "activity": 2
    }
  },
  "activity.old": {
    "precision": 0.7368421052631579,
    "recall": 0.5384615384615384,
    "f1-score": 0.6222222222222222,
    "support": 52,
    "confused_with": {
      "activity": 17
    }
  },
  "activity": {
    "precision": 0.7744807121661721,
    "recall": 0.8529411764705882,
    "f1-score": 0.8118195956454122,
    "support": 306,
    "confused_with": {
      "category": 11
    }
  },
  "micro avg": {
    "precision": 0.7645305514157973,
    "recall": 0.7668161434977578,
    "f1-score": 0.7656716417910447,
    "support": 669
  },
  "macro avg": {
    "precision": 0.7465858502159244,
    "recall": 0.6785372345278061,
    "f1-score": 0.7013146563961982,
    "support": 669
  },
  "weighted avg": {
    "precision": 0.7655749666087471,
    "recall": 0.7668161434977578,
    "f1-score": 0.760621472206741,
    "support": 669
  }
}