{
  "name": {
    "precision": 1.0,
    "recall": 0.6363636363636364,
    "f1-score": 0.7777777777777778,
    "support": 33,
    "confused_with": {
      "activity": 2
    }
  },
  "activity.new": {
    "precision": 0.15789473684210525,
    "recall": 0.07692307692307693,
    "f1-score": 0.10344827586206896,
    "support": 39,
    "confused_with": {
      "activity.old": 13,
      "activity": 11
    }
  },
  "category": {
    "precision": 0.5535714285714286,
    "recall": 0.6241610738255033,
    "f1-score": 0.5867507886435331,
    "support": 149,
    "confused_with": {
      "category.new": 10
    }
  },
  "category.old": {
    "precision": 0.13333333333333333,
    "recall": 0.07407407407407407,
    "f1-score": 0.09523809523809523,
    "support": 27,
    "confused_with": {
      "category": 14,
      "category.new": 7
    }
  },
  "activity_status": {
    "precision": 0.6666666666666666,
    "recall": 0.8,
    "f1-score": 0.7272727272727272,
    "support": 25,
    "confused_with": {}
  },
  "category.new": {
    "precision": 0.18518518518518517,
    "recall": 0.16129032258064516,
    "f1-score": 0.17241379310344826,
    "support": 31,
    "confused_with": {
      "category": 16
    }
  },
  "activity.old": {
    "precision": 0.2894736842105263,
    "recall": 0.22916666666666666,
    "f1-score": 0.2558139534883721,
    "support": 48,
    "confused_with": {
      "activity": 19,
      "activity.new": 10
    }
  },
  "activity": {
    "precision": 0.7066666666666667,
    "recall": 0.5129032258064516,
    "f1-score": 0.5943925233644859,
    "support": 310,
    "confused_with": {
      "category": 37
    }
  },
  "micro avg": {
    "precision": 0.578268876611418,
    "recall": 0.4743202416918429,
    "f1-score": 0.521161825726141,
    "support": 662
  },
  "macro avg": {
    "precision": 0.46159896268448897,
    "recall": 0.38936025953000675,
    "f1-score": 0.41413849184381357,
    "support": 662
  },
  "weighted avg": {
    "precision": 0.574937837628647,
    "recall": 0.4743202416918429,
    "f1-score": 0.5132414551103623,
    "support": 662
  }
}