{
  "category.old": {
    "precision": 0.66,
    "recall": 0.9705882352941176,
    "f1-score": 0.7857142857142857,
    "support": 34,
    "confused_with": {
      "category": 1
    }
  },
  "category": {
    "precision": 0.9019607843137255,
    "recall": 0.8363636363636363,
    "f1-score": 0.8679245283018867,
    "support": 165,
    "confused_with": {
      "category.old": 11,
      "activity": 10
    }
  },
  "activity.new": {
    "precision": 0.8461538461538461,
    "recall": 0.9166666666666666,
    "f1-score": 0.8799999999999999,
    "support": 48,
    "confused_with": {
      "activity.old": 3,
      "category.new": 1
    }
  },
  "activity": {
    "precision": 0.9596273291925466,
    "recall": 0.9196428571428571,
    "f1-score": 0.939209726443769,
    "support": 336,
    "confused_with": {
      "category": 10
    }
  },
  "activity_status": {
    "precision": 1.0,
    "recall": 0.9523809523809523,
    "f1-score": 0.975609756097561,
    "support": 21,
    "confused_with": {}
  },
  "name": {
    "precision": 1.0,
    "recall": 0.9333333333333333,
    "f1-score": 0.9655172413793104,
    "support": 30,
    "confused_with": {}
  },
  "category.new": {
    "precision": 0.92,
    "recall": 0.7931034482758621,
    "f1-score": 0.851851851851852,
    "support": 29,
    "confused_with": {
      "category.old": 6
    }
  },
  "activity.old": {
    "precision": 0.9215686274509803,
    "recall": 0.8392857142857143,
    "f1-score": 0.8785046728971961,
    "support": 56,
    "confused_with": {
      "activity.new": 8,
      "category": 1
    }
  },
  "micro avg": {
    "precision": 0.9158345221112696,
    "recall": 0.8929068150208623,
    "f1-score": 0.9042253521126761,
    "support": 719
  },
  "macro avg": {
    "precision": 0.9011638233888873,
    "recall": 0.8951706054678925,
    "f1-score": 0.8930415078357327,
    "support": 719
  },
  "weighted avg": {
    "precision": 0.9229506811865088,
    "recall": 0.8929068150208623,
    "f1-score": 0.9055488017727095,
    "support": 719
  }
}