{
  "name": {
    "precision": 0.90625,
    "recall": 0.8529411764705882,
    "f1-score": 0.8787878787878787,
    "support": 34,
    "confused_with": {}
  },
  "activity.new": {
    "precision": 0.5,
    "recall": 0.35714285714285715,
    "f1-score": 0.41666666666666663,
    "support": 42,
    "confused_with": {
      "activity.old": 8
    }
  },
  "category": {
    "precision": 0.7185185185185186,
    "recall": 0.7637795275590551,
    "f1-score": 0.7404580152671756,
    "support": 127,
    "confused_with": {
      "activity": 20
    }
  },
  "category.old": {
    "precision": 0.5151515151515151,
    "recall": 0.5666666666666667,
    "f1-score": 0.5396825396825397,
    "support": 30,
    "confused_with": {
      "category.new": 5,
      "category": 4
    }
  },
  "activity_status": {
    "precision": 0.9047619047619048,
    "recall": 0.8636363636363636,
    "f1-score": 0.8837209302325582,
    "support": 22,
    "confused_with": {}
  },
  "category.new": {
    "precision": 0.35294117647058826,
    "recall": 0.24,
    "f1-score": 0.28571428571428564,
    "support": 25,
    "confused_with": {
      "category.old": 10,
      "category": 7
    }
  },
  "activity.old": {
    "precision": 0.6,
    "recall": 0.3,
    "f1-score": 0.4,
    "support": 50,
    "confused_with": {
      "activity.new": 12
    }
  },
  "activity": {
    "precision": 0.8443708609271523,
    "recall": 0.794392523364486,
    "f1-score": 0.8186195826645264,
    "support": 321,
    "confused_with": {
      "category": 20
    }
  },
  "micro avg": {
    "precision": 0.761344537815126,
    "recall": 0.695852534562212,
    "f1-score": 0.7271268057784911,
    "support": 651
  },
  "macro avg": {
    "precision": 0.6677492469787099,
    "recall": 0.5923198893550021,
    "f1-score": 0.6204562373769539,
    "support": 651
  },
  "weighted avg": {
    "precision": 0.7500618048856218,
    "recall": 0.695852534562212,
    "f1-score": 0.7173103466228599,
    "support": 651
  }
}