{
  "category.old": {
    "precision": 0.9,
    "recall": 1.0,
    "f1-score": 0.9473684210526316,
    "support": 27,
    "confused_with": {}
  },
  "category": {
    "precision": 0.9382716049382716,
    "recall": 0.9047619047619048,
    "f1-score": 0.9212121212121211,
    "support": 168,
    "confused_with": {
      "activity": 4
    }
  },
  "activity.new": {
    "precision": 1.0,
    "recall": 0.9534883720930233,
    "f1-score": 0.9761904761904763,
    "support": 43,
    "confused_with": {
      "activity": 1
    }
  },
  "activity": {
    "precision": 0.9636363636363636,
    "recall": 0.9532374100719424,
    "f1-score": 0.9584086799276672,
    "support": 278,
    "confused_with": {
      "activity.old": 5
    }
  },
  "activity_status": {
    "precision": 1.0,
    "recall": 1.0,
    "f1-score": 1.0,
    "support": 29,
    "confused_with": {}
  },
  "name": {
    "precision": 0.7666666666666667,
    "recall": 0.6571428571428571,
    "f1-score": 0.7076923076923077,
    "support": 35,
    "confused_with": {
      "category": 3
    }
  },
  "category.new": {
    "precision": 1.0,
    "recall": 0.9523809523809523,
    "f1-score": 0.975609756097561,
    "support": 21,
    "confused_with": {
      "category": 1
    }
  },
  "activity.old": {
    "precision": 0.9152542372881356,
    "recall": 0.9473684210526315,
    "f1-score": 0.9310344827586206,
    "support": 57,
    "confused_with": {
      "activity": 1
    }
  },
  "micro avg": {
    "precision": 0.9458204334365325,
    "recall": 0.9285714285714286,
    "f1-score": 0.937116564417178,
    "support": 658
  },
  "macro avg": {
    "precision": 0.9354786090661797,
    "recall": 0.921047489687914,
    "f1-score": 0.9271895306164233,
    "support": 658
  },
  "weighted avg": {
    "precision": 0.9450203093910271,
    "recall": 0.9285714285714286,
    "f1-score": 0.9362954230891494,
    "support": 658
  }
}