{
  "name": {
    "precision": 0.8571428571428571,
    "recall": 0.5625,
    "f1-score": 0.6792452830188678,
    "support": 32,
    "confused_with": {
      "category": 5
    }
  },
  "activity.new": {
    "precision": 0.9375,
    "recall": 0.8333333333333334,
    "f1-score": 0.8823529411764706,
    "support": 36,
    "confused_with": {
      "name.new": 1
    }
  },
  "category": {
    "precision": 0.868421052631579,
    "recall": 0.9361702127659575,
    "f1-score": 0.9010238907849829,
    "support": 141,
    "confused_with": {
      "name": 2
    }
  },
  "category.old": {
    "precision": 0.88,
    "recall": 0.6666666666666666,
    "f1-score": 0.7586206896551725,
    "support": 33,
    "confused_with": {
      "category.new": 10
    }
  },
  "activity_status": {
    "precision": 0.88,
    "recall": 0.9565217391304348,
    "f1-score": 0.9166666666666666,
    "support": 23,
    "confused_with": {}
  },
  "category.new": {
    "precision": 0.7222222222222222,
    "recall": 1.0,
    "f1-score": 0.8387096774193548,
    "support": 26,
    "confused_with": {}
  },
  "activity.old": {
    "precision": 0.88,
    "recall": 0.8979591836734694,
    "f1-score": 0.888888888888889,
    "support": 49,
    "confused_with": {
      "activity_status": 1
    }
  },
  "activity": {
    "precision": 0.9651567944250871,
    "recall": 0.9111842105263158,
    "f1-score": 0.937394247038917,
    "support": 304,
    "confused_with": {
      "category": 7
    }
  },
  "micro avg": {
    "precision": 0.9092356687898089,
    "recall": 0.8866459627329193,
    "f1-score": 0.8977987421383647,
    "support": 644
  },
  "macro avg": {
    "precision": 0.8738053658027182,
    "recall": 0.8455419182620222,
    "f1-score": 0.8503627855811651,
    "support": 644
  },
  "weighted avg": {
    "precision": 0.9133717129388638,
    "recall": 0.8866459627329193,
    "f1-score": 0.8959512389749734,
    "support": 644
  }
}