{
  "category.old": {
    "precision": 0.9411764705882353,
    "recall": 1.0,
    "f1-score": 0.9696969696969697,
    "support": 32,
    "confused_with": {}
  },
  "category": {
    "precision": 0.9135802469135802,
    "recall": 0.896969696969697,
    "f1-score": 0.9051987767584097,
    "support": 165,
    "confused_with": {
      "activity": 6
    }
  },
  "activity.new": {
    "precision": 1.0,
    "recall": 0.9375,
    "f1-score": 0.967741935483871,
    "support": 48,
    "confused_with": {
      "category": 1
    }
  },
  "activity": {
    "precision": 0.9611940298507463,
    "recall": 0.9583333333333334,
    "f1-score": 0.9597615499254843,
    "support": 336,
    "confused_with": {
      "category": 7
    }
  },
  "activity_status": {
    "precision": 0.9523809523809523,
    "recall": 0.9523809523809523,
    "f1-score": 0.9523809523809523,
    "support": 21,
    "confused_with": {}
  },
  "name": {
    "precision": 0.8,
    "recall": 0.6666666666666666,
    "f1-score": 0.7272727272727272,
    "support": 30,
    "confused_with": {
      "category": 4
    }
  },
  "category.new": {
    "precision": 1.0,
    "recall": 0.92,
    "f1-score": 0.9583333333333334,
    "support": 25,
    "confused_with": {
      "category.old": 2
    }
  },
  "activity.old": {
    "precision": 1.0,
    "recall": 0.9642857142857143,
    "f1-score": 0.9818181818181818,
    "support": 56,
    "confused_with": {
      "activity": 2
    }
  },
  "micro avg": {
    "precision": 0.949928469241774,
    "recall": 0.9312762973352033,
    "f1-score": 0.9405099150141643,
    "support": 713
  },
  "macro avg": {
    "precision": 0.9460414624666893,
    "recall": 0.9120170454545455,
    "f1-score": 0.9277755533337412,
    "support": 713
  },
  "weighted avg": {
    "precision": 0.9492560754970758,
    "recall": 0.9312762973352033,
    "f1-score": 0.9398007408232293,
    "support": 713
  }
}