{
  "name": {
    "precision": 0.8333333333333334,
    "recall": 0.625,
    "f1-score": 0.7142857142857143,
    "support": 32,
    "confused_with": {
      "category": 4
    }
  },
  "activity.new": {
    "precision": 1.0,
    "recall": 0.825,
    "f1-score": 0.9041095890410958,
    "support": 40,
    "confused_with": {
      "activity.old": 5
    }
  },
  "category": {
    "precision": 0.92,
    "recall": 0.9517241379310345,
    "f1-score": 0.9355932203389831,
    "support": 145,
    "confused_with": {
      "activity": 5,
      "name": 1
    }
  },
  "category.old": {
    "precision": 1.0,
    "recall": 0.9444444444444444,
    "f1-score": 0.9714285714285714,
    "support": 36,
    "confused_with": {
      "category": 1
    }
  },
  "activity_status": {
    "precision": 1.0,
    "recall": 0.9629629629629629,
    "f1-score": 0.9811320754716981,
    "support": 27,
    "confused_with": {}
  },
  "category.new": {
    "precision": 0.96875,
    "recall": 1.0,
    "f1-score": 0.9841269841269841,
    "support": 31,
    "confused_with": {}
  },
  "activity.old": {
    "precision": 0.9122807017543859,
    "recall": 1.0,
    "f1-score": 0.9541284403669724,
    "support": 52,
    "confused_with": {}
  },
  "activity": {
    "precision": 0.9633333333333334,
    "recall": 0.9444444444444444,
    "f1-score": 0.9537953795379538,
    "support": 306,
    "confused_with": {
      "category": 5
    }
  },
  "micro avg": {
    "precision": 0.9496951219512195,
    "recall": 0.9312406576980568,
    "f1-score": 0.940377358490566,
    "support": 669
  },
  "macro avg": {
    "precision": 0.9497121710526315,
    "recall": 0.9066969987228608,
    "f1-score": 0.9248249968247466,
    "support": 669
  },
  "weighted avg": {
    "precision": 0.9496509912674062,
    "recall": 0.9312406576980568,
    "f1-score": 0.9389066360579021,
    "support": 669
  }
}