{
  "config": [
    [
      0.933423204475836
    ],
    [
      0.9436057295473376
    ],
    [
      0.93807892206697
    ]
  ],
  "config2": [
    [
      0.8977969464211546
    ],
    [
      0.8912199125866791
    ],
    [
      0.8962413542453836
    ]
  ]
}