{
  "config": [
    [
      0.9521254008545358,
      0.9352336822771505,
      0.9446585519463436,
      0.8542362014150148,
      0.7362352504696662
    ],
    [
      0.9289487570666846,
      0.9242152412087051,
      0.9172801834701979,
      0.8494126547236845,
      0.7266213895281209
    ],
    [
      0.9447064398628139,
      0.9404584199642285,
      0.9467389025902009,
      0.8790179632976985,
      0.6769606222887753
    ],
    [
      0.9477591310687754,
      0.951610256041104,
      0.9195743518332226,
      0.8831711195625739,
      0.6961423958773131
    ]
  ],
  "config2": [
    [
      0.9106503468802934,
      0.8882387536225536,
      0.8748875875190463,
      0.7590041543500265,
      0.6461651693572276
    ],
    [
      0.8528004229564021,
      0.8523258915277915,
      0.8386629162613171,
      0.7540802759832709,
      0.6603889154655334
    ],
    [
      0.8981794629975953,
      0.8716659814459146,
      0.8359509019229397,
      0.796197850610911,
      0.64217996963095
    ],
    [
      0.9195718406286121,
      0.9255953209580396,
      0.8815844559805912,
      0.7910459979060717,
      0.616392928206827
    ]
  ]
}